Title,Discreption,price,,,,
Land type:,Residential,Land size:,,,20.0 perches,"Rs 1,100,000 per perch"
Land type:,Residential,Land size:,,,10.0 perches,"Rs 1,100,000 per perch"
Address:,"Piliyandala, Madapatha",Land type:,"Agricultural, Commercial, Residential",Land size:,400.0 perches,"Rs 425,000 per perch"
Address:,Piliyandala,Land type:,Residential,Land size:,6.0 perches,"Rs 4,950,000 total price"
Address:,GALANIGAMA,Land type:,Residential,Land size:,10.0 perches,"Rs 340,000 per perch"
Address:,Gonamaditta Rd,Land type:,"Residential, Other",Land size:,8.0 perches,"Rs 775,000 per perch"
Address:,Piliyandala,Land type:,Residential,Land size:,15.0 perches,"Rs 1,100,000 per perch"
Address:,Piliyandala,Land type:,Residential,Land size:,15.0 perches,"Rs 600,000 per perch"
Address:,"MORAGAHA HENA Road , Gonapola Junction",Land type:,Residential,Land size:,10.0 perches,"Rs 185,000 per perch"
Address:,Gelanigama,Land type:,Residential,Land size:,10.0 perches,"Rs 350,000 per perch"
Address:,#kesbewa #Makandana #ambagahajunction #Piliyandala,Land type:,"Commercial, Residential",Land size:,6.7 perches,"Rs 5,350,000 total price"
Land type:,"Commercial, Residential",Land size:,,,6.6 perches,"Rs 899,900 per perch"
Address:,makandana,Land type:,"Commercial, Residential",Land size:,10.0 perches,"Rs 800,000 per perch"
Address:,BANDARGAMA,Land type:,Residential,Land size:,10.0 perches,"Rs 340,000 per perch"
Address:,"ගැලනිගම,වීදාගම",Land type:,Residential,Land size:,10.0 perches,"Rs 340,000 per perch"
Address:,"බණ්ඩාරගම,ගැලනිගම",Land type:,Residential,Land size:,10.0 perches,"Rs 340,000 per perch"
Address:,Madapatha,Land type:,Residential,Land size:,6.0 perches,"Rs 800,000 per perch"
Address:,"makandana, amba gaha handiya",Land type:,Residential,Land size:,6.5 perches,"Rs 800,000 per perch"
Address:,පිලියන්දල කැස්බෑව,Land type:,Residential,Land size:,7.0 perches,"Rs 900,000 per perch"
Address:,BANDARGAMA,Land type:,Residential,Land size:,10.0 perches,"Rs 340,000 per perch"
Address:,"Piliyandala, Kesbewa, Welmilla. (Bandaragama rd)",Land type:,Residential,Land size:,10.0 perches,"Rs 210,000 per perch"
Address:,පිළියන්දල,Land type:,"Commercial, Residential",Land size:,8.0 perches,"Rs 800,000 per perch"
Address:,Piliyandala,Land type:,Residential,Land size:,15.0 perches,"Rs 1,100,000 per perch"
Land type:,"Commercial, Residential",Land size:,6.7 perches,"Rs 818,980 per perch",,
Address:,මාකන්දන ගුණවර්ධන මාවතින්,Land type:,"Commercial, Residential",Land size:,6.3 perches,"Rs 785,000 per perch"
Address:,Piliyandala maharagama road,Land type:,Residential,Land size:,10.0 perches,"Rs 9,500,000 total price"
Address:,piliyandala madapath,Land type:,"Commercial, Residential",Land size:,6.7 perches,"Rs 800,000 per perch"
Land type:,Residential,Land size:,10.0 perches,"Rs 1,100,000 per perch",,
Land type:,Residential,Land size:,20.0 perches,"Rs 1,100,000 per perch",,
Address:,මාකන්දන,Land type:,"Commercial, Residential",Land size:,6.4 perches,"Rs 750,000 per perch"
Address:,Piliyandala Makandana,Land type:,"Commercial, Residential",Land size:,8.5 perches,"Rs 6,800,000 total price"
Address:,Madapatha,Land type:,Residential,Land size:,6.0 perches,"Rs 800,000 per perch"
Address:,Madapatha,Land type:,Residential,Land size:,7.0 perches,"Rs 847,890 per perch"
Land type:,Residential,Land size:,6.75 perches,"Rs 900,000 per perch",,
Address:,Makuluduwa Road,Land type:,Residential,Land size:,35.0 perches,"Rs 675,000 per perch"
Address:,piliyandala,Land type:,Residential,Land size:,6.7 perches,"Rs 5,200,000 total price"
Address:,පිළියන්දල දේවානන්ද පාර,Land type:,Residential,Land size:,9.6 perches,"Rs 950,000 per perch"
Address:,Piliyandala,Land type:,Residential,Land size:,18.0 perches,"Rs 600,000 per perch"
Address:,Polgasowita,Land type:,Residential,Land size:,6.0 perches,"Rs 390,000 per perch"
Address:,"පිළියන්දල ,මාකන්දන",Land type:,"Commercial, Residential",Land size:,8.0 perches,"Rs 795,000 per perch"
Address:,මාකන්දන,Land type:,"Commercial, Residential",Land size:,6.3 perches,"Rs 780,000 per perch"
Address:,"piliyandala, kesbewa, liberty park",Land type:,"Commercial, Residential",Land size:,11.86 perches,"Rs 13,000,000 total price"
Address:,Makandana,Land type:,"Commercial, Residential",Land size:,6.7 perches,"Rs 808,090 per perch"
Address:,Piliyandala Makandana,Land type:,"Commercial, Residential",Land size:,9.0 perches,"Rs 7,200,000 total price"
Address:,මාකන්දන,Land type:,"Commercial, Residential",Land size:,6.5 perches,"Rs 785,000 per perch"
Address:,Makandana road piliyandala,Land type:,Residential,Land size:,6.0 perches,"Rs 800,000 per perch"
Address:,පිලියන්දල කැස්බෑව,Land type:,Residential,Land size:,7.0 perches,"Rs 900,000 per perch"
Address:,Makandena,Land type:,Residential,Land size:,6.0 perches,"Rs 800,000 per perch"
Address:,madapatha,Land type:,Residential,Land size:,6.5 perches,"Rs 800,000 per perch"
Address:,"මිහින්තලේ පාර, සාලිය මාවත, අනුරාධපුර",Land type:,Residential,Land size:,10.0 perches,"Rs 185,000 per perch"
Address:,piliyandala,Land type:,Residential,Land size:,6.5 perches,"Rs 800,000 per perch"
Address:,පිලියන්දල මාකන්දන,Land type:,Residential,Land size:,6.7 perches,"Rs 5,200,000 total price"
Address:,piliyandala,Land type:,"Commercial, Residential",Land size:,6.7 perches,"Rs 5,200,000 total price"
Address:,Madapatha road piliyandala,Land type:,Residential,Land size:,6.5 perches,"Rs 800,000 per perch"
Land type:,Residential,Land size:,20.0 perches,"Rs 1,100,000 per perch",,
Land type:,Residential,Land size:,10.0 perches,"Rs 1,100,000 per perch",,
Land type:,Residential,Land size:,6.7 perches,"Rs 825,900 per perch",,
Land type:,"Commercial, Residential",Land size:,6.7 perches,"Rs 854,570 per perch",,
Address:,Makandana-අඹගහ හන්දිය,Land type:,"Agricultural, Commercial, Residential, Other",Land size:,10.0 perches,"Rs 8,000,000 total price"
Address:,"පිළියන්දල ,කැස්බෑව",Land type:,Residential,Land size:,10.0 perches,"Rs 790,000 per perch"
Address:,"පිළියන්දල , කැස්බෑව",Land type:,Residential,Land size:,7.0 perches,"Rs 900,000 per perch"
Address:,diyagama Road,Land type:,Residential,Land size:,6.0 perches,"Rs 420,000 per perch"
Address:,piliyandala,Land type:,"Commercial, Residential",Land size:,6.5 perches,"Rs 800,000 per perch"
Address:,Makandena,Land type:,Residential,Land size:,6.0 perches,"Rs 800,000 per perch"
Address:,Piliyandala Makandana,Land type:,"Agricultural, Commercial, Residential",Land size:,8.0 perches,"Rs 6,400,000 total price"
Address:,පිලියන්දල මඩපාත,Land type:,"Commercial, Residential",Land size:,7.0 perches,"Rs 800,000 per perch"
Address:,පිලියන්දල,Land type:,"Commercial, Residential",Land size:,6.9 perches,"Rs 800,000 per perch"
Address:,කැස්බෑව පිලියන්දල,Land type:,"Commercial, Residential",Land size:,6.8 perches,"Rs 800,000 per perch"
Address:,Piliyandala,Land type:,Residential,Land size:,15.0 perches,"Rs 1,100,000 per perch"
Address:,piliyandala kesbewa,Land type:,Residential,Land size:,18.2 perches,"Rs 600,000 per perch"
Address:,"Piliyandala, kotagedara",Land type:,"Commercial, Residential",Land size:,17.5 perches,"Rs 10,200,000 total price"
Address:,"පිලියන්දල ,කැස්බෑව",Land type:,Residential,Land size:,7.0 perches,"Rs 900,000 per perch"
Address:,Madapatha,Land type:,Residential,Land size:,6.0 perches,"Rs 800,000 per perch"
Address:,"පිළියන්දල ,බටුවන්දර",Land type:,"Commercial, Residential",Land size:,10.0 perches,"Rs 795,000 per perch"
Address:,Piliyandala Makandana,Land type:,"Commercial, Residential",Land size:,6.5 perches,"Rs 5,850,000 total price"
Address:,"Piliyandala, Wewala",Land type:,"Commercial, Residential, Other",Land size:,12.5 perches,"Rs 1,450,000 per perch"
Address:,පිලියන්දල මඩපාත,Land type:,"Commercial, Residential",Land size:,6.7 perches,"Rs 797,500 per perch"
Address:,gangarama road piliyandala,Land type:,Residential,Land size:,7.0 perches,"Rs 710,000 per perch"
Address:,makandana piliyandala,Land type:,Residential,Land size:,8.0 perches,"Rs 610,000 per perch"
Address:,"පිළියන්දල ,මාකන්දන",Land type:,Residential,Land size:,8.0 perches,"Rs 796,000 per perch"
Address:,මඩපාත,Land type:,"Commercial, Residential",Land size:,7.0 perches,"Rs 800,000 per perch"
Land type:,Residential,Land size:,10.0 perches,"Rs 1,100,000 per perch",,
Land type:,Residential,Land size:,20.0 perches,"Rs 1,100,000 per perch",,
Address:,"කලල්ගොඩ , තලවතුගොඩ",Land type:,"Commercial, Residential",Land size:,8.1 perches,"Rs 1,525,000 per perch"
Address:,මාකන්දන,Land type:,"Commercial, Residential",Land size:,6.5 perches,"Rs 785,000 per perch"
Address:,gangarama road piliyandala,Land type:,Residential,Land size:,6.4 perches,"Rs 710,000 per perch"
Address:,මාකන්දන,Land type:,"Commercial, Residential",Land size:,6.5 perches,"Rs 785,000 per perch"
Address:,"පිළියන්දල ,කැස්බෑව",Land type:,"Commercial, Residential",Land size:,10.0 perches,"Rs 799,000 per perch"
Address:,Piliyandala moratuwa rd,Land type:,Residential,Land size:,15.0 perches,"Rs 1,100,000 per perch"
Address:,කැස්බෑව,Land type:,"Commercial, Residential",Land size:,7.0 perches,"Rs 5,500,000 total price"
Address:,piliyandala kesbawa,Land type:,"Commercial, Residential",Land size:,6.8 perches,"Rs 800,000 per perch"
Address:,Madapatha,Land type:,Residential,Land size:,10.0 perches,"Rs 450,000 per perch"
Land type:,"Commercial, Residential",Land size:,6.72 perches,"Rs 831,781 per perch",,
Address:,Piliyandala,Land type:,Residential,Land size:,18.0 perches,"Rs 600,000 per perch"
Address:,කැස්බෑව,Land type:,"Commercial, Residential",Land size:,7.0 perches,"Rs 800,000 per perch"
Address:,piliyandala madapath,Land type:,"Commercial, Residential",Land size:,6.8 perches,"Rs 5,500,000 total price"
Address:,පිළියන්දල,Land type:,"Commercial, Residential",Land size:,6.3 perches,"Rs 795,000 per perch"
Address:,Makandena,Land type:,Residential,Land size:,6.0 perches,"Rs 800,000 per perch"
Address:,2 kanuwa junction  egodawatta road,Land type:,Residential,Land size:,6.5 perches,"Rs 3,300,000 total price"
Address:,Piliyandala,Land type:,Residential,Land size:,15.0 perches,"Rs 1,100,000 per perch"
Address:,Piliyandala,Land type:,Residential,Land size:,18.0 perches,"Rs 600,000 per perch"
Address:,madapath,Land type:,"Commercial, Residential",Land size:,7.0 perches,"Rs 800,000 per perch"
Address:,kesbawa piliyandala,Land type:,"Commercial, Residential",Land size:,6.8 perches,"Rs 5,500,000 total price"
Address:,piliyandala madapath,Land type:,"Commercial, Residential",Land size:,6.8 perches,"Rs 800,000 per perch"
Address:,පිළියන්දල,Land type:,"Commercial, Residential",Land size:,10.0 perches,"Rs 800,000 per perch"
Address:,Makandena,Land type:,Residential,Land size:,6.0 perches,"Rs 800,000 per perch"
Address:,piliyandala town,Land type:,Residential,Land size:,10.2 perches,"Rs 8,700,000 total price"
Address:,Gonamaditta Rd,Land type:,Residential,Land size:,8.0 perches,"Rs 775,000 per perch"
Land type:,Residential,Land size:,20.0 perches,"Rs 1,100,000 per perch",,
Land type:,Residential,Land size:,10.0 perches,"Rs 1,100,000 per perch",,
Land type:,Residential,Land size:,6.5 perches,"Rs 395,000 per perch",,
Address:,Kahathuduwa,Land type:,Residential,Land size:,6.0 perches,"Rs 390,000 per perch"
Address:,kesbawa,Land type:,"Commercial, Residential",Land size:,6.8 perches,"Rs 5,500,000 total price"
Address:,piliyandala,Land type:,"Commercial, Residential",Land size:,6.7 perches,"Rs 800,000 per perch"
Address:,Madapatha junction,Land type:,Residential,Land size:,6.0 perches,"Rs 800,000 per perch"
Land type:,"Commercial, Residential",Land size:,6.7 perches,"Rs 847,500 per perch",,
Address:,පිලියන්දල කැස්බෑව,Land type:,Residential,Land size:,7.0 perches,"Rs 900,000 per perch"
Address:,Piliyandala 255 road,Land type:,Residential,Land size:,15.0 perches,"Rs 1,100,000 per perch"
Address:,Piliyandala / kesbewa,Land type:,Residential,Land size:,18.0 perches,"Rs 600,000 per perch"
Address:,පිළියන්දල,Land type:,"Commercial, Residential",Land size:,6.0 perches,"Rs 800,000 per perch"
Land type:,"Commercial, Residential",Land size:,6.9 perches,"Rs 841,899 per perch",,
Address:,"piliyandela ,Makandena",Land type:,Residential,Land size:,6.0 perches,"Rs 800,000 per perch"
Address:,"ambalangoda,polgasowita",Land type:,Other,Land size:,80.0 perches,"Rs 550,000 per perch"
Address:,"Madapatha road, Kolamunna, Piliyandala",Land type:,"Residential, Other",Land size:,10.0 perches,"Rs 750,000 per perch"
Land type:,"Commercial, Residential",Land size:,6.8 perches,"Rs 831,325 per perch",,
Address:,Piliyandala,Land type:,Residential,Land size:,15.0 perches,"Rs 1,100,000 per perch"
Address:,Piliyandala Kottawa Road 296,Land type:,Residential,Land size:,14.0 perches,"Rs 800,000 per perch"
Address:,Piliyandala,Land type:,Residential,Land size:,18.2 perches,"Rs 600,000 per perch"
Address:,piliyandala,Land type:,Residential,Land size:,6.5 perches,"Rs 800,000 per perch"
Address:,Piliyandala,Land type:,Residential,Land size:,15.0 perches,"Rs 1,100,000 per perch"
Address:,Makandena,Land type:,Residential,Land size:,6.0 perches,"Rs 800,000 per perch"
Address:,"පිළියන්දල ,කැස්බෑව ,",Land type:,Residential,Land size:,8.0 perches,"Rs 800,000 per perch"
Address:,පිලියන්දල කැස්බෑව,Land type:,Residential,Land size:,7.0 perches,"Rs 900,000 per perch"
Address:,piliyandala madapath,Land type:,"Commercial, Residential",Land size:,6.7 perches,"Rs 800,000 per perch"
Address:,kesbawa piliyandala,Land type:,"Commercial, Residential",Land size:,6.8 perches,"Rs 800,000 per perch"
Land type:,Residential,Land size:,20.0 perches,"Rs 1,100,000 per perch",,
Land type:,Residential,Land size:,10.0 perches,"Rs 1,100,000 per perch",,
Address:,Piliyandala kesbewa,Land type:,Residential,Land size:,18.0 perches,"Rs 600,000 per perch"
Address:,"Bokundara Road, Makuluduwa,Piliyandala",Land type:,"Commercial, Residential",Land size:,32.0 perches,"Rs 1,050,000 per perch"
Address:,"piliyandala, kotagedara",Land type:,"Commercial, Residential",Land size:,17.5 perches,"Rs 10,200,000 total price"
Address:,"kahathuduwa ,diyakada",Land type:,"Commercial, Residential",Land size:,10.0 perches,"Rs 1,900,000 total price"
Address:,piliyandala kasbawa,Land type:,Residential,Land size:,7.5 perches,"Rs 900,000 per perch"
Address:,piliyandala,Land type:,"Commercial, Residential",Land size:,7.5 perches,"Rs 780,000 per perch"
Address:,පිලියන්දල,Land type:,"Commercial, Residential",Land size:,6.4 perches,"Rs 790,000 per perch"
Address:,Makandana,Land type:,"Commercial, Residential",Land size:,7.0 perches,"Rs 795,000 per perch"
Address:,piliyandala,Land type:,"Commercial, Residential, Other",Land size:,10.0 perches,"Rs 220,000 per perch"
Land type:,"Commercial, Residential",Land size:,6.7 perches,"Rs 838,878 per perch",,
Address:,Piliyandala,Land type:,Residential,Land size:,18.0 perches,"Rs 600,000 per perch"
Address:,madapath piliyandala,Land type:,"Commercial, Residential",Land size:,6.8 perches,"Rs 800,000 per perch"
Address:,piliyandala,Land type:,Residential,Land size:,6.5 perches,"Rs 850,000 per perch"
Address:,Makandena,Land type:,Residential,Land size:,6.0 perches,"Rs 800,000 per perch"
Address:,Piliyandala,Land type:,Residential,Land size:,15.0 perches,"Rs 1,100,000 per perch"
Address:,Piliyandala madapath,Land type:,"Commercial, Residential",Land size:,6.7 perches,"Rs 800,000 per perch"
Address:,piliyandala,Land type:,Residential,Land size:,7.0 perches,"Rs 780,000 per perch"
Address:,"මිහින්තලේ පාර, සාලිය මාවත, අනුරාධපුර",Land type:,Residential,Land size:,10.0 perches,"Rs 1,800,000 total price"
Address:,Kahathuduwa,Land type:,Residential,Land size:,7.0 perches,"Rs 390,000 per perch"
Address:,Piliyandala,Land type:,Residential,Land size:,15.0 perches,"Rs 1,100,000 per perch"
Address:,Piliyandala,Land type:,Residential,Land size:,18.0 perches,"Rs 600,000 per perch"
Address:,kesbawa,Land type:,Residential,Land size:,6.8 perches,"Rs 800,000 per perch"
Address:,piliyandala,Land type:,"Commercial, Residential",Land size:,6.7 perches,"Rs 800,000 per perch"
Address:,මඩපාත පාර පිලියන්දල,Land type:,Residential,Land size:,6.0 perches,"Rs 800,000 per perch"
Land type:,"Commercial, Residential",Land size:,6.8 perches,"Rs 5,575,660 total price",,
Land type:,Residential,Land size:,10.0 perches,"Rs 1,100,000 per perch",,
Land type:,Residential,Land size:,20.0 perches,"Rs 1,100,000 per perch",,
Address:,පිළියන්දල,Land type:,Residential,Land size:,6.0 perches,"Rs 800,000 per perch"
Address:,Piliyandala,Land type:,Residential,Land size:,15.0 perches,"Rs 1,100,000 per perch"
Address:,මාකන්දන,Land type:,"Commercial, Residential",Land size:,6.3 perches,"Rs 775,000 per perch"
Address:,piliyandala town,Land type:,Residential,Land size:,10.2 perches,"Rs 880,000 per perch"
Land type:,Residential,Land size:,15.0 perches,"Rs 525,000 per perch",,
Land type:,Residential,Land size:,9.5 perches,"Rs 490,000 per perch",,
Address:,kotagedara,Land type:,Residential,Land size:,9.5 perches,"Rs 4,700,000 total price"
Address:,kahathuduwa,Land type:,"Commercial, Residential",Land size:,8.0 perches,"Rs 395,000 per perch"
Address:,Piliyandala,Land type:,Residential,Land size:,18.0 perches,"Rs 600,000 per perch"
Address:,Makandana,Land type:,Residential,Land size:,6.5 perches,"Rs 765,000 per perch"
Address:,batuwandara piliyandala,Land type:,Residential,Land size:,7.0 perches,"Rs 860,000 per perch"
Address:,Piliyandala,Land type:,Residential,Land size:,15.0 perches,"Rs 1,100,000 per perch"
Address:,Piliyandala 120 bus road,Land type:,Residential,Land size:,18.0 perches,"Rs 600,000 per perch"
Land type:,Residential,Land size:,20.0 perches,"Rs 1,100,000 per perch",,
Address:,Mandawila Road,Land type:,"Residential, Other",Land size:,10.0 perches,"Rs 790,000 per perch"
Address:,මාකන්දන,Land type:,Residential,Land size:,7.5 perches,"Rs 810,000 per perch"
Address:,පිලියන්දල,Land type:,Residential,Land size:,6.5 perches,"Rs 5,200,000 total price"
Address:,"පිළියන්දල ,මාකන්දන",Land type:,Residential,Land size:,8.0 perches,"Rs 800,000 per perch"
Address:,piliyandala kesbawa,Land type:,Residential,Land size:,7.0 perches,"Rs 800,000 per perch"
Address:,madapatha road piliyandala,Land type:,"Commercial, Residential",Land size:,6.5 perches,"Rs 800,000 per perch"
Address:,Madapatha road piliyandala,Land type:,Residential,Land size:,6.0 perches,"Rs 800,000 per perch"
Address:,madapatha,Land type:,"Commercial, Residential",Land size:,6.5 perches,"Rs 800,000 per perch"
Address:,Piliyandala,Land type:,Residential,Land size:,15.0 perches,"Rs 1,100,000 per perch"
Address:,Polgasowita,Land type:,Residential,Land size:,6.8 perches,"Rs 400,000 per perch"
Land type:,"Commercial, Residential",Land size:,6.6 perches,"Rs 818,950 per perch",,
Land type:,Residential,Land size:,10.0 perches,"Rs 1,100,000 per perch",,
Land type:,Residential,Land size:,20.0 perches,"Rs 1,100,000 per perch",,
Address:,Madapatha,Land type:,"Commercial, Residential",Land size:,6.8 perches,"Rs 5,375,800 total price"
Address:,piliyandala,Land type:,Residential,Land size:,7.0 perches,"Rs 800,000 per perch"
Address:,piliyandala madapath,Land type:,"Commercial, Residential",Land size:,6.7 perches,"Rs 800,000 per perch"
Address:,"Piliyandela ,Makandena",Land type:,Residential,Land size:,6.0 perches,"Rs 800,000 per perch"
Address:,Piliyandala / Kesbewa,Land type:,Residential,Land size:,18.2 perches,"Rs 600,000 per perch"
Address:,Kesbewa.,Land type:,Residential,Land size:,6.0 perches,"Rs 675,000 per perch"
Address:,Piliyandala,Land type:,Residential,Land size:,18.2 perches,"Rs 600,000 per perch"
Land type:,"Commercial, Residential",Land size:,7.0 perches,"Rs 5,678,900 total price",,
Address:,"පිළියන්දල ,කැස්බෑව ,මඩපාත",Land type:,"Commercial, Residential",Land size:,8.0 perches,"Rs 800,000 per perch"
Address:,පිලියන්දල කැස්බෑව,Land type:,Residential,Land size:,7.0 perches,"Rs 900,000 per perch"
Address:,මඩපාත පාර පිලියන්දල,Land type:,Residential,Land size:,6.5 perches,"Rs 800,000 per perch"
Address:,Makandena,Land type:,Residential,Land size:,6.0 perches,"Rs 800,000 per perch"
Address:,Piliyandala,Land type:,Residential,Land size:,18.2 perches,"Rs 600,000 per perch"
Address:,පිලියන්දල මාකන්දන,Land type:,Residential,Land size:,7.0 perches,"Rs 5,200,000 total price"
Address:,makandana,Land type:,"Agricultural, Commercial, Residential",Land size:,6.9 perches,"Rs 5,100,000 total price"
Address:,piliyandala  makandana,Land type:,Residential,Land size:,6.5 perches,"Rs 810,000 per perch"
Address:,මඩපාත පාරෙන්,Land type:,"Commercial, Residential",Land size:,6.9 perches,"Rs 5,520,000 total price"
Address:,මාකන්දන,Land type:,"Commercial, Residential",Land size:,6.5 perches,"Rs 5,000,000 total price"
Address:,Piliyandala / Kesbewa,Land type:,Residential,Land size:,18.0 perches,"Rs 600,000 per perch"
Land type:,"Commercial, Residential",Land size:,6.9 perches,"Rs 825,675 per perch",,
Address:,kahathuduwa,Land type:,Residential,Land size:,8.0 perches,"Rs 400,000 per perch"
Address:,Madapatha road piliyandala,Land type:,Residential,Land size:,7.0 perches,"Rs 800,000 per perch"
Address:,මඩපාත පාර පිලියන්දල,Land type:,Residential,Land size:,6.0 perches,"Rs 800,000 per perch"
Address:,මාකන්දන,Land type:,Residential,Land size:,6.3 perches,"Rs 775,000 per perch"
Address:,piliyandala,Land type:,Residential,Land size:,6.0 perches,"Rs 800,000 per perch"
Land type:,Residential,Land size:,20.0 perches,"Rs 1,100,000 per perch",,
Land type:,Residential,Land size:,10.0 perches,"Rs 1,100,000 per perch",,
Address:,Makandena,Land type:,Residential,Land size:,6.0 perches,"Rs 800,000 per perch"
Address:,"පිළියන්දල , කැස්බෑව ,මඩපාත",Land type:,"Commercial, Residential",Land size:,8.0 perches,"Rs 800,000 per perch"
Address:,පිලියන්දල කැස්බෑව,Land type:,Residential,Land size:,7.0 perches,"Rs 900,000 per perch"
Address:,Diyakada Road,Land type:,"Residential, Other",Land size:,15.0 perches,"Rs 315,000 per perch"
Address:,"kahathuduwa,diyakada",Land type:,"Commercial, Residential",Land size:,10.0 perches,"Rs 190,000 per perch"
Address:,Piliyandala Mandawila Rd,Land type:,Residential,Land size:,10.5 perches,"Rs 900,000 per perch"
Address:,Piliyandala Madapatha Kate Garden,Land type:,Residential,Land size:,11.0 perches,"Rs 7,500,000 total price"
Address:,kesbawa piliyandala,Land type:,"Commercial, Residential",Land size:,6.8 perches,"Rs 800,000 per perch"
Address:,madapath piliyandala,Land type:,"Commercial, Residential",Land size:,6.7 perches,"Rs 800,000 per perch"
Address:,මඩපාත පාර පිලියන්දල,Land type:,Residential,Land size:,6.0 perches,"Rs 800,000 per perch"
Address:,පිළියන්දල,Land type:,Residential,Land size:,8.0 perches,"Rs 800,000 per perch"
Address:,piliyandela  Makandena,Land type:,Residential,Land size:,6.0 perches,"Rs 800,000 per perch"
Address:,kasbawa Piliyandala,Land type:,Residential,Land size:,7.0 perches,"Rs 850,000 per perch"
Land type:,"Commercial, Residential",Land size:,6.7 perches,"Rs 821,780 per perch",,
Land type:,"Commercial, Residential",Land size:,6.75 perches,"Rs 811,890 per perch",,
Address:,Thalawathugoda Hokandara,Land type:,Residential,Land size:,6.0 perches,"Rs 985,000 per perch"
Address:,පිළියන්දල,Land type:,Residential,Land size:,7.0 perches,"Rs 795,000 per perch"
Address:,Kahathuduwa Diyakada,Land type:,Residential,Land size:,6.0 perches,"Rs 400,000 per perch"
Address:,Polgasovita Diyakada,Land type:,Residential,Land size:,6.0 perches,"Rs 2,400,000 total price"
Address:,gonamaditta road,Land type:,Residential,Land size:,12.4 perches,"Rs 775,000 per perch"
Address:,mandavila road,Land type:,Residential,Land size:,10.2 perches,"Rs 8,700,000 total price"
Address:,piliyandala new city 2,Land type:,Residential,Land size:,9.5 perches,"Rs 710,000 per perch"
Address:,Kahathuduwa,Land type:,Residential,Land size:,6.0 perches,"Rs 390,000 per perch"
Address:,"Piliyandala, Batuwandara",Land type:,"Agricultural, Residential",Land size:,10.0 perches,"Rs 5,000,000 total price"
Address:,"Piliyandala, Wishwakalawa, Bypass road",Land type:,"Commercial, Residential",Land size:,9.6 perches,"Rs 14,000,000 total price"
Land type:,Residential,Land size:,10.0 perches,"Rs 1,100,000 per perch",,
Land type:,Residential,Land size:,20.0 perches,"Rs 1,100,000 per perch",,
Address:,"No 333/2,thewaththa rd,koralaima,Gonapola junction",Land type:,Residential,Land size:,10.0 perches,"Rs 450,000 per perch"
Address:,piliyandala,Land type:,"Commercial, Residential, Other",Land size:,8.0 perches,"Rs 430,000 per perch"
Address:,kotagedara madapatha road,Land type:,Residential,Land size:,15.0 perches,"Rs 520,000 per perch"
Address:,piliyandala bokundara,Land type:,Residential,Land size:,12.0 perches,"Rs 1,150,000 per perch"
Address:,Kahathuduwa,Land type:,Residential,Land size:,6.0 perches,"Rs 390,000 per perch"
Address:,Dolekanatta Junction,Land type:,Residential,Land size:,9.6 perches,"Rs 8,000,000 total price"
Address:,"Kela Pansala Road, Madapatha",Land type:,"Commercial, Residential",Land size:,49.5 perches,"Rs 650,000 per perch"
Address:,"Rathna Mawatha, Bokundara, Piliyandala",Land type:,"Residential, Other",Land size:,10.0 perches,"Rs 865,000 per perch"
Address:,piliyandala,Land type:,"Commercial, Residential",Land size:,12.3 perches,"Rs 1,260,000 per perch"
Address:,kahathuduwa highway exit,Land type:,"Commercial, Residential",Land size:,6.0 perches,"Rs 395,000 per perch"
Address:,Kahathuduwa,Land type:,Residential,Land size:,8.0 perches,"Rs 390,000 per perch"
Land type:,Residential,Land size:,6.0 perches,"Rs 850,000 per perch",,
Address:,piliyandala,Land type:,"Commercial, Residential, Other",Land size:,7.0 perches,"Rs 3,000,000 total price"
Address:,පිළියන්දල / විශ්වකලාව,Land type:,Residential,Land size:,10.0 perches,"Rs 8,500,000 total price"
Address:,120 colombo road facing,Land type:,Commercial,Land size:,2.0 perches,"Rs 8,000,000 total price"
Address:,Piliyandala,Land type:,Residential,Land size:,15.0 perches,"Rs 1,100,000 per perch"
Address:,diyagama,Land type:,Residential,Land size:,7.0 perches,"Rs 420,000 per perch"
Address:,Kotagethara Piliyandala,Land type:,Residential,Land size:,18.0 perches,"Rs 550,000 per perch"
Land type:,Residential,Land size:,10.0 perches,"Rs 1,100,000 per perch",,
Address:,Piliyandala,Land type:,Residential,Land size:,18.0 perches,"Rs 600,000 per perch"
Address:,piliyandala /Miriswatta,Land type:,Residential,Land size:,10.0 perches,"Rs 1,050,000 per perch"
Address:,kahathuduwa weediyagoda Road,Land type:,Residential,Land size:,10.0 perches,"Rs 2,300,000 total price"
Address:,Polgasowita,Land type:,Residential,Land size:,8.0 perches,"Rs 3,480,000 total price"
Address:,Kahathuduwa,Land type:,Residential,Land size:,8.0 perches,"Rs 2,800,000 total price"
Address:,Kahathuduwa Land,Land type:,Residential,Land size:,10.0 perches,"Rs 2,200,000 total price"
Land type:,Residential,Land size:,20.0 perches,"Rs 1,100,000 per perch",,
Land type:,Residential,Land size:,10.0 perches,"Rs 1,100,000 per perch",,
Address:,Piliyandala,Land type:,Residential,Land size:,18.0 perches,"Rs 600,000 per perch"
Address:,Piliyandala,Land type:,Residential,Land size:,15.0 perches,"Rs 1,100,000 per perch"
Address:,"Piliyandala, Kotagedara",Land type:,Commercial,Land size:,10.6 perches,"Rs 13,000,000 total price"
Address:,130 nilkamal junchion new city skeem,Land type:,Residential,Land size:,14.0 perches,"Rs 650,000 per perch"
Address:,Madapatha Piliyandala,Land type:,Residential,Land size:,60.0 perches,"Rs 600,000 per perch"
Address:,Piliyandala,Land type:,Residential,Land size:,18.2 perches,"Rs 600,000 per perch"
Address:,Piliyandala  Kahathuduwa,Land type:,Residential,Land size:,6.0 perches,"Rs 390,000 per perch"
Address:,"Piliyandala, Bokundara, Thumbowila",Land type:,"Commercial, Residential",Land size:,12.0 perches,"Rs 14,100,000 total price"
Address:,"Piliyandala, Kottawa road, Jayanthi vidyala Mawatha",Land type:,"Agricultural, Commercial, Residential",Land size:,11.0 perches,"Rs 8,000,000 total price"
Address:,diyagama Road,Land type:,Residential,Land size:,7.5 perches,"Rs 420,000 per perch"
Address:,kahathuduwa Pasal Mawatha,Land type:,Residential,Land size:,7.0 perches,"Rs 345,000 per perch"
Address:,255 bus road Piliyandala,Land type:,Residential,Land size:,15.0 perches,"Rs 1,100,000 per perch"
Address:,KAHATUDUWA,Land type:,"Commercial, Residential",Land size:,82.0 perches,"Rs 500,000 per perch"
Address:,piliyandala thumbowila Rd.,Land type:,Residential,Land size:,12.0 perches,"Rs 1,160,000 per perch"
Land type:,Residential,Land size:,8.0 perches,"Rs 495,000 per perch",,
Address:,piliyandala Kahathuduwa Bandaragama Road,Land type:,Residential,Land size:,10.0 perches,"Rs 225,000 per perch"
Address:,"Piliyandala, Polhena junction",Land type:,"Commercial, Residential",Land size:,70.0 perches,"Rs 47,250,000 total price"
Address:,Piliyandala,Land type:,Residential,Land size:,7.3 perches,"Rs 775,000 per perch"
Address:,Piliyandala,Land type:,Residential,Land size:,8.5 perches,"Rs 675,000 per perch"
Address:,"Piliyandala, Gonapola",Land type:,Residential,Land size:,4.5 perches,"Rs 1,600,000 total price"
Address:,"Piliyandala, Gonapola",Land type:,"Agricultural, Other",Land size:,70.0 perches,"Rs 2,200,000 total price"
Address:,Piliyandala,Land type:,Residential,Land size:,6.0 perches,"Rs 4,950,000 total price"
Address:,Piliyandala,Land type:,Residential,Land size:,38.0 perches,"Rs 775,000 per perch"
Address:,Piliyandala,Land type:,Residential,Land size:,6.5 perches,"Rs 525,000 per perch"
Address:,Piliyandala |  Kahathuduwa,Land type:,"Commercial, Residential",Land size:,23.0 perches,"Rs 8,500,000 total price"
Land type:,Residential,Land size:,10.0 perches,"Rs 1,100,000 per perch",,
Land type:,Residential,Land size:,20.0 perches,"Rs 1,100,000 per perch",,
Address:,Gonamaditta Rd,Land type:,"Residential, Other",Land size:,8.0 perches,"Rs 775,000 per perch"
Address:,MAKUBURA,Land type:,Residential,Land size:,11.0 perches,"Rs 1,250,000 per perch"
Address:,"Piliyandala, Miriswatte",Land type:,"Commercial, Residential",Land size:,7.0 perches,"Rs 7,200,000 total price"
Address:,කහතුඩුව,Land type:,Residential,Land size:,8.0 perches,"Rs 440,000 per perch"
Address:,255 road ekamuthu uyana,Land type:,Residential,Land size:,8.0 perches,"Rs 6,300,000 total price"
Address:,130 batakatthara junchion,Land type:,Residential,Land size:,6.0 perches,"Rs 5,000,000 total price"
Address:,130 jayanthi road,Land type:,Residential,Land size:,14.0 perches,"Rs 1,050,000 per perch"
Address:,gagabada road suwarapola junchion,Land type:,Residential,Land size:,12.0 perches,"Rs 1,275,000 per perch"
Address:,ගෝනපල වීදීයගොඩ,Land type:,"Commercial, Residential",Land size:,10.0 perches,"Rs 147,500 per perch"
Address:,"Kospalanwatte, Suwarapola",Land type:,"Agricultural, Commercial, Residential",Land size:,20.0 perches,"Rs 435,000 per perch"
Address:,Piliyandala 255rd near by pass,Land type:,Residential,Land size:,152.0 perches,"Rs 625,000 per perch"
Address:,Piliyandala,Land type:,Residential,Land size:,15.0 perches,"Rs 1,100,000 per perch"
Address:,Batakettara - Gadabuwana road,Land type:,"Residential, Other",Land size:,10.1 perches,"Rs 775,000 per perch"
Address:,"Wawala road , piliyandala",Land type:,Residential,Land size:,7.3 perches,"Rs 9,500,000 total price"
Address:,Piliyandala,Land type:,Residential,Land size:,18.0 perches,"Rs 600,000 per perch"
Address:,"Rathna mawatha, Niwanthidiya, Pilyandala.",Land type:,Residential,Land size:,8.0 perches,"Rs 800,000 per perch"
Address:,"Kahathuduwa, Gonapola, Near Colombo Road",Land type:,Residential,Land size:,4.5 perches,"Rs 1,600,000 total price"
Address:,"Piliyandala, Mandawila, Near Siko Garden",Land type:,Residential,Land size:,8.5 perches,"Rs 675,000 per perch"
Address:,"Kahathuduwa, Gonapola",Land type:,"Agricultural, Other",Land size:,70.0 perches,"Rs 31,500 per perch"
Address:,"Piliyandala Town, Near Colombo Road",Land type:,Residential,Land size:,6.0 perches,"Rs 825,000 per perch"
Address:,"Piliyandala, Mandawila Road",Land type:,"Commercial, Residential",Land size:,38.0 perches,"Rs 775,000 per perch"
Address:,Kahathuduwa,Land type:,"Commercial, Residential",Land size:,10.0 perches,"Rs 2,200,000 total price"
Address:,Piliyandala,Land type:,Residential,Land size:,15.0 perches,"Rs 1,100,000 per perch"
Address:,Piliyandala/14 කණුව,Land type:,Residential,Land size:,18.2 perches,"Rs 600,000 per perch"
Address:,Kahathuduwa,Land type:,Residential,Land size:,8.0 perches,"Rs 440,000 per perch"
Land type:,Residential,Land size:,10.0 perches,"Rs 1,100,000 per perch",,
Land type:,Residential,Land size:,20.0 perches,"Rs 1,100,000 per perch",,
Address:,piliyandala,Land type:,"Commercial, Residential, Other",Land size:,8.0 perches,"Rs 3,200,000 total price"
Address:,2 kanuwa road kotagedara,Land type:,Residential,Land size:,9.56 perches,"Rs 520,000 per perch"
Address:,mandavila road piliyandala town,Land type:,Residential,Land size:,10.0 perches,"Rs 1,060,000 per perch"
Address:,"Piliyandala Town, Close To Bypass Road",Land type:,Residential,Land size:,7.3 perches,"Rs 775,000 per perch"
Land type:,Residential,Land size:,25.85 perches,"Rs 1,300,000 per perch",,
Address:,Piliyandala Town,Land type:,Residential,Land size:,6.0 perches,"Rs 825,000 per perch"
Address:,"Piliyandala, Madapatha Road",Land type:,Residential,Land size:,6.5 perches,"Rs 525,000 per perch"
Address:,"Piliyandala Town, Facing Gonamaditta Road",Land type:,"Commercial, Residential",Land size:,38.0 perches,"Rs 775,000 per perch"
Address:,kahathuduwa gonapala ,Land type:,Residential,Land size:,10.0 perches,"Rs 2,400,000 total price"
Address:,kahathuduwa gonapala,Land type:,Residential,Land size:,10.0 perches,"Rs 235,000 per perch"
Address:,Piliyandala Kahathuduwa ,Land type:,Residential,Land size:,10.0 perches,"Rs 235,000 per perch"
Address:,"Bellgate Park, Thewatta Road, Koreleima Junction, Kahatuduwa",Land type:,Residential,Land size:,10.0 perches,"Rs 350,000 per perch"
Address:,Mandawila Road,Land type:,"Residential, Other",Land size:,10.5 perches,"Rs 790,000 per perch"
Address:,Piliyandala,Land type:,Residential,Land size:,18.0 perches,"Rs 600,000 per perch"
Address:,Piliyandala,Land type:,Residential,Land size:,15.0 perches,"Rs 1,100,000 per perch"
Address:,බටකැත්තර - ගැඩබුවාන පාර,Land type:,"Residential, Other",Land size:,10.1 perches,"Rs 775,000 per perch"
Address:,udesh.lakshitha2017@gmail.com,Land type:,"Agricultural, Residential",Land size:,10.2 perches,"Rs 4,200,000 total price"
Address:,"Suwarapola Junction, Main Road Facing",Land type:,"Commercial, Residential",Land size:,47.0 perches,"Rs 1,060,000 per perch"
Address:,Suwarapola,Land type:,Residential,Land size:,20.0 perches,"Rs 550,000 per perch"
Address:,Piliyandala Kesbawa junction near Rocell,Land type:,Residential,Land size:,20.0 perches,"Rs 15,000,000 total price"
Address:,Piliyandala Kesbawa 14TH POST RD,Land type:,Residential,Land size:,38.5 perches,"Rs 34,650,000 total price"
Address:,kAHATHUDUWA,Land type:,Residential,Land size:,8.0 perches,"Rs 440,000 per perch"
Address:,Diyakada Road Kahatuduwa,Land type:,"Commercial, Residential",Land size:,120.0 perches,"Rs 360,000 per perch"
Address:,"Piliyandala, Gonapola",Land type:,Residential,Land size:,4.5 perches,"Rs 1,600,000 total price"
Address:,"Piliyandala, batakeththara",Land type:,"Commercial, Residential",Land size:,7.0 perches,"Rs 4,900,000 total price"
Land type:,Residential,Land size:,20.0 perches,"Rs 1,100,000 per perch",,
Land type:,Residential,Land size:,10.0 perches,"Rs 1,100,000 per perch",,
Address:,Mandawila Road,Land type:,Residential,Land size:,10.0 perches,"Rs 1,000,000 per perch"
Address:,Piliyandala,Land type:,Residential,Land size:,18.2 perches,"Rs 600,000 per perch"
Address:,Piliyandala,Land type:,Residential,Land size:,15.0 perches,"Rs 1,100,000 per perch"
Land type:,Residential,Land size:,25.0 perches,"Rs 450,000 per perch",,
Address:,"Piliyandala, Bypass Road",Land type:,Residential,Land size:,7.3 perches,"Rs 775,000 per perch"
Address:,"Piliyandala, Mandawila Road",Land type:,Residential,Land size:,8.5 perches,"Rs 675,000 per perch"
Address:,Kahathuduwa,Land type:,"Commercial, Residential",Land size:,8.0 perches,"Rs 440,000 per perch"
Address:,Piliyandala,Land type:,"Commercial, Residential, Other",Land size:,42.3 perches,"Rs 700,000 per perch"
Address:,makandana piliyandala,Land type:,Residential,Land size:,8.0 perches,"Rs 600,000 per perch"
Address:,gangarama road piliyandala,Land type:,Residential,Land size:,7.0 perches,"Rs 710,000 per perch"
Address:,130 kotagedara junchion,Land type:,Residential,Land size:,15.0 perches,"Rs 7,800,000 total price"
Address:,piliyandala,Land type:,"Commercial, Residential, Other",Land size:,7.0 perches,"Rs 450,000 per perch"
Address:,Bolgoda,Land type:,"Commercial, Residential",Land size:,147.0 perches,"Rs 700,000 per perch"
Address:,"piliyandala, batakeththara",Land type:,"Commercial, Residential",Land size:,10.0 perches,"Rs 5,500,000 total price"
Address:,Piliyandala Dampe,Land type:,Residential,Land size:,20.0 perches,"Rs 1,000,000 per perch"
Address:,"Piliyandala, Dampe.",Land type:,Residential,Land size:,12.0 perches,"Rs 650,000 per perch"
Address:,"Madapatha road, Kolamunna, Piliyandala",Land type:,"Residential, Other",Land size:,10.0 perches,"Rs 750,000 per perch"
Address:,piliyandala suwarapola,Land type:,Commercial,Land size:,25.5 perches,"Rs 1,250,000 per perch"
Address:,"Piliyandala, Kesbewa, Kidelpitiya.",Land type:,Residential,Land size:,10.0 perches,"Rs 480,000 per perch"
Address:,Piliyandala Town,Land type:,Residential,Land size:,10.0 perches,"Rs 780,000 per perch"
Address:,"Piliyandala Town, Near Colombo Road",Land type:,"Commercial, Residential",Land size:,38.0 perches,"Rs 775,000 per perch"
Address:,"Piliyandala, Kahathuduwa",Land type:,"Agricultural, Residential",Land size:,8.5 perches,"Rs 975,000 total price"
Address:,"piliyandala, jaliyagoda, wijaya mawatha",Land type:,"Commercial, Residential",Land size:,10.5 perches,"Rs 10,500,000 total price"
Address:,"Kahathuduwa, Weniwelkola",Land type:,Residential,Land size:,18.5 perches,"Rs 250,000 per perch"
Address:,Piliyandala,Land type:,Residential,Land size:,18.0 perches,"Rs 600,000 per perch"
Land type:,Residential,Land size:,20.0 perches,"Rs 1,100,000 per perch",,
Land type:,Residential,Land size:,10.0 perches,"Rs 1,100,000 per perch",,
Address:,Piliyandala,Land type:,Residential,Land size:,15.0 perches,"Rs 1,100,000 per perch"
Address:,Near Hadigama Bus station,Land type:,"Residential, Other",Land size:,15.0 perches,"Rs 580,000 per perch"
Address:,"Piliyandala, Madapatha Road",Land type:,Residential,Land size:,6.5 perches,"Rs 525,000 per perch"
Address:,පිළියන්දල/කැස්බෑව,Land type:,Residential,Land size:,18.0 perches,"Rs 600,000 per perch"
Address:,"Piliyandala, Miriswatta, Facing Gonamaditta Road",Land type:,"Commercial, Residential",Land size:,38.0 perches,"Rs 775,000 per perch"
Address:,"Piliyandala, Suwarapola, Thotupola Road",Land type:,Residential,Land size:,20.0 perches,"Rs 550,000 per perch"
Address:,"Piliyandala, Suwarapola",Land type:,Residential,Land size:,15.0 perches,"Rs 740,000 per perch"
Address:,BATAKETHHTHARATA,Land type:,"Commercial, Residential",Land size:,18.0 perches,"Rs 1,300,000 per perch"
Address:,polgasowita,Land type:,Residential,Land size:,7.0 perches,"Rs 450,000 per perch"
Address:,"Piliyandala Town, Near Britol Company",Land type:,Residential,Land size:,6.0 perches,"Rs 825,000 per perch"
Address:,Piliyandala,Land type:,Residential,Land size:,15.0 perches,"Rs 1,100,000 per perch"
Address:,"Nalinpriya Mawatha,Kebewa",Land type:,Residential,Land size:,10.0 perches,"Rs 690,000 per perch"
Address:,පිළියන්දල,Land type:,Residential,Land size:,15.0 perches,"Rs 1,050,000 per perch"
Address:,Piliyandala,Land type:,Residential,Land size:,15.0 perches,"Rs 1,100,000 per perch"
Address:,Piliyandala,Land type:,Residential,Land size:,18.0 perches,"Rs 600,000 per perch"
Address:,gonamaditta road,Land type:,Residential,Land size:,8.2 perches,"Rs 740,000 per perch"
Address:,"Piliyandala, Gonamadiththa",Land type:,"Commercial, Residential",Land size:,10.0 perches,"Rs 6,500,000 total price"
Address:,පිලියන්දලින්,Land type:,"Commercial, Residential",Land size:,13.8 perches,"Rs 9,660,000 total price"
Address:,"පිලියන්දල, කැස්බෑව, ලිබර්ටි පාක්,",Land type:,"Agricultural, Commercial",Land size:,11.86 perches,"Rs 13,000,000 total price"
Address:,"Piliyandala, niwanthidiya",Land type:,"Commercial, Residential",Land size:,7.0 perches,"Rs 5,500,000 total price"
Address:,"Mihira Mawatha, Makuluduwa",Land type:,"Commercial, Residential",Land size:,35.0 perches,"Rs 675,000 per perch"
Address:,"Kesbewa, Piliyandala",Land type:,Residential,Land size:,6.9 perches,"Rs 750,000 per perch"
Address:,"බණ්ඩාරගම පාර, බටුවන්දර",Land type:,"Commercial, Residential",Land size:,9.4 perches,"Rs 960,000 per perch"
Address:,Polgasovita,Land type:,Residential,Land size:,8.0 perches,"Rs 440,000 per perch"
Address:,"Piliyandala,Makandana",Land type:,Residential,Land size:,14.0 perches,"Rs 400,000 per perch"
Land type:,Residential,Land size:,20.0 perches,"Rs 1,100,000 per perch",,
Land type:,Residential,Land size:,10.0 perches,"Rs 1,100,000 per perch",,
Address:,Piliyandala,Land type:,Residential,Land size:,18.0 perches,"Rs 600,000 per perch"
Address:,Piliyandala,Land type:,Residential,Land size:,15.0 perches,"Rs 1,100,000 per perch"
Address:,"Piliyandala Town, Puwakgashandiya, Near Colombo Road",Land type:,Residential,Land size:,6.0 perches,"Rs 825,000 per perch"
Address:,Bokundara,Land type:,"Commercial, Residential",Land size:,18.0 perches,"Rs 850,000 per perch"
Address:,"Piliyandala, Near Bypass Road",Land type:,Residential,Land size:,7.33 perches,"Rs 775,000 per perch"
Address:,"Piliyandala, Miriswstta, Siko Garden",Land type:,Residential,Land size:,8.52 perches,"Rs 675,000 per perch"
Address:,"Piliyandala Town, Kolamunna",Land type:,Residential,Land size:,6.0 perches,"Rs 825,000 per perch"
Address:,piliyandala,Land type:,"Commercial, Residential",Land size:,25.0 perches,"Rs 1,500,000 per perch"
Address:,piliyandala kahathuduwa,Land type:,Residential,Land size:,160.0 perches,"Rs 250,000 per perch"
Address:,piliyandala kottawa rd facing,Land type:,"Commercial, Residential",Land size:,24.0 perches,"Rs 28,000,000 total price"
Address:,"Piliyandala Town, Mawittara",Land type:,Residential,Land size:,7.3 perches,"Rs 775,000 per perch"
Address:,255  jayanthi road piliyandala town,Land type:,Residential,Land size:,14.0 perches,"Rs 1,050,000 per perch"
Address:,130 kotagedara junchion,Land type:,Residential,Land size:,6.0 perches,"Rs 3,200,000 total price"
Address:,Piliyandala Kesbewa Kidelpitiya,Land type:,Residential,Land size:,10.0 perches,"Rs 480,000 per perch"
Address:,"පිළියන්දල, කැස්බෑව, වැල්මිල්ල.",Land type:,Residential,Land size:,14.0 perches,"Rs 215,000 per perch"
Address:,"Piliyandala, Mandawila Road",Land type:,Residential,Land size:,8.5 perches,"Rs 675,000 per perch"
Address:,"Piliyandala, Near Miriswatta Junction",Land type:,"Commercial, Residential",Land size:,38.0 perches,"Rs 775,000 per perch"
Address:,"Piliyandala, Batakettara",Land type:,Residential,Land size:,6.52 perches,"Rs 525,000 per perch"
Address:,"Suwarapola, Dampe",Land type:,Residential,Land size:,9.0 perches,"Rs 325,000 per perch"
Address:,"Piliyandala, Bolgoda.",Land type:,Residential,Land size:,12.0 perches,"Rs 650,000 per perch"
Address:,"Polhena Juction, Madapatha, Piliyandala",Land type:,Other,Land size:,73.0 perches,"Rs 650,000 per perch"
Address:,Kahathuduwa,Land type:,Residential,Land size:,6.0 perches,"Rs 400,000 per perch"
Address:,Kahathuduwa,Land type:,Residential,Land size:,6.0 perches,"Rs 400,000 per perch"
Address:,"Gonapala , Kumbuka",Land type:,Residential,Land size:,10.0 perches,"Rs 200,000 per perch"
Address:,Kahathuduwa,Land type:,Residential,Land size:,7.0 perches,"Rs 635,000 per perch"
Land type:,Residential,Land size:,20.0 perches,"Rs 1,100,000 per perch",,
Land type:,Residential,Land size:,10.0 perches,"Rs 1,100,000 per perch",,
Address:,Kahathuduwa,Land type:,Residential,Land size:,7.0 perches,"Rs 635,000 per perch"
Address:,Piliyandala / Kesbewa,Land type:,Residential,Land size:,18.0 perches,"Rs 600,000 per perch"
Address:,Piliyandala,Land type:,Residential,Land size:,15.0 perches,"Rs 1,100,000 per perch"
Address:,piliyandala,Land type:,"Commercial, Residential, Other",Land size:,7.0 perches,"Rs 2,800,000 total price"
Address:,POLGASOVITA JUNCTION PILIYANDALA,Land type:,Residential,Land size:,11.0 perches,"Rs 1,800,000 per perch"
Address:,Suwarapola / 255 road,Land type:,Residential,Land size:,15.0 perches,"Rs 1,100,000 per perch"
Address:,mandavila road piliyandala town,Land type:,Residential,Land size:,10.2 perches,"Rs 8,800,000 total price"
Address:,"Piliyandala, Kotagedara",Land type:,"Commercial, Residential",Land size:,17.5 perches,"Rs 10,200,000 total price"
Address:,Piliyandala / Kesbewa,Land type:,Residential,Land size:,18.0 perches,"Rs 600,000 per perch"
Address:,kumbuka / wanamee kanda road,Land type:,Residential,Land size:,10.2 perches,"Rs 250,000 per perch"
Address:,Piliyandala Town,Land type:,Residential,Land size:,10.0 perches,"Rs 780,000 per perch"
Address:,"Piliyandala, Miriswatta, Mandawila Road",Land type:,Residential,Land size:,8.51 perches,"Rs 675,000 per perch"
Address:,"Piliyandala, Dampe, Bolgoda",Land type:,Residential,Land size:,12.0 perches,"Rs 650,000 per perch"
Address:,"Piliyandala, Kotagedara",Land type:,Residential,Land size:,6.5 perches,"Rs 525,000 per perch"
Address:,Near Gonapola Junction,Land type:,"Agricultural, Other",Land size:,70.0 perches,"Rs 31,500 per perch"
Address:,Gonapola Junction,Land type:,Residential,Land size:,3.8 perches,"Rs 1,100,000 total price"
Address:,Kahathuduwa town,Land type:,Residential,Land size:,8.0 perches,"Rs 425,000 per perch"
Address:,"Very Close To Piliyandala Town, Miriswatta",Land type:,"Commercial, Residential",Land size:,38.22 perches,"Rs 775,000 per perch"
Address:,Miriswattha - Piliyandala junction,Land type:,Residential,Land size:,25.0 perches,"Rs 33,750,000 total price"
Address:,Batakettara - Gadabuwana road,Land type:,"Residential, Other",Land size:,10.1 perches,"Rs 775,000 per perch"
Land type:,Residential,Land size:,7.0 perches,"Rs 665,000 per perch",,
Address:,piliyandala,Land type:,"Commercial, Residential, Other",Land size:,10.0 perches,"Rs 185,000 per perch"
Address:,piliyandala,Land type:,"Commercial, Residential, Other",Land size:,6.0 perches,"Rs 400,000 per perch"
Address:,"3rd Lane,Niwanthidiya",Land type:,Residential,Land size:,10.0 perches,"Rs 1,000,000 per perch"
Address:,"Piliyandala, Miriswatta, Mandawila Road",Land type:,Residential,Land size:,8.5 perches,"Rs 675,000 per perch"
Land type:,Residential,Land size:,20.0 perches,"Rs 1,100,000 per perch",,
Land type:,Residential,Land size:,10.0 perches,"Rs 1,100,000 per perch",,
Address:,"Piliyandala, Miriswatta Junction",Land type:,Residential,Land size:,10.0 perches,"Rs 780,000 per perch"
Address:,Kahathuduwa,Land type:,Residential,Land size:,6.0 perches,"Rs 400,000 per perch"
Address:,"Gonapola, Near Junction",Land type:,Residential,Land size:,3.81 perches,"Rs 1,100,000 total price"
Address:,"Gonapola, Near Olaboduwa Road",Land type:,"Agricultural, Other",Land size:,70.0 perches,"Rs 31,500 per perch"
Address:,"Gonapola, Near Junction",Land type:,Residential,Land size:,8.32 perches,"Rs 2,300,000 total price"
Address:,"Piliyandala, Madapatha Road",Land type:,Residential,Land size:,6.5 perches,"Rs 525,000 per perch"
Address:,Polgasowita,Land type:,Residential,Land size:,8.0 perches,"Rs 395,000 per perch"
Address:,Polgasowita,Land type:,Residential,Land size:,6.0 perches,"Rs 2,370,000 total price"
Land type:,Residential,Land size:,6.5 perches,"Rs 650,000 per perch",,
Address:,"Diyakada Rd, Weniwelkola, Diyakada, Sambhoodhi Mawata",Land type:,Residential,Land size:,24.4 perches,"Rs 300,000 per perch"
Address:,120 kotagedara junchion,Land type:,Residential,Land size:,15.0 perches,"Rs 7,700,000 total price"
Address:,"Galwathkada Amuna Road, Heraliyawala",Land type:,Residential,Land size:,6.0 perches,"Rs 475,000 per perch"
Address:,255 suwarapola jayanthi road,Land type:,"Commercial, Residential",Land size:,21.0 perches,"Rs 1,050,000 per perch"
Address:,"boralesgamuwa, neelammahara road, isuru uyana",Land type:,"Commercial, Residential",Land size:,10.0 perches,"Rs 8,000,000 total price"
Address:,255 Kottawa Road,Land type:,Residential,Land size:,8.0 perches,"Rs 6,200,000 total price"
Address:,130 gonamaditta road,Land type:,"Commercial, Residential",Land size:,38.0 perches,"Rs 800,000 per perch"
Address:,gangarama road piliyandala,Land type:,Residential,Land size:,6.0 perches,"Rs 715,000 per perch"
Address:,miriswattha Junction - Piliyandala,Land type:,Residential,Land size:,18.0 perches,"Rs 18,000,000 total price"
Address:,Piliyandala / Kesbewa,Land type:,Residential,Land size:,18.0 perches,"Rs 600,000 per perch"
Address:,130 kotagedara junchion,Land type:,Residential,Land size:,15.0 perches,"Rs 575,000 per perch"
Address:,diyakada,Land type:,"Commercial, Residential",Land size:,10.0 perches,"Rs 180,000 per perch"
Address:,diyakada,Land type:,"Commercial, Residential",Land size:,10.0 perches,"Rs 180,000 per perch"
Address:,130 kahapola bolgoda lake,Land type:,Residential,Land size:,80.0 perches,"Rs 850,000 per perch"
Address:,Piliyandala,Land type:,Residential,Land size:,15.0 perches,"Rs 1,100,000 per perch"
Address:,Piliyandala / Kesbewa,Land type:,Residential,Land size:,18.0 perches,"Rs 600,000 per perch"
Land type:,Residential,Land size:,10.0 perches,"Rs 1,100,000 per perch",,
Land type:,Residential,Land size:,20.0 perches,"Rs 1,100,000 per perch",,
Address:,Bolgoda,Land type:,"Commercial, Residential",Land size:,147.0 perches,"Rs 700,000 per perch"
Address:,Piliyandala Kesbewa,Land type:,Residential,Land size:,18.0 perches,"Rs 600,000 per perch"
Address:,Piliyandala,Land type:,Residential,Land size:,15.0 perches,"Rs 1,100,000 per perch"
Address:,"Dampe, Piliyandala",Land type:,"Commercial, Residential, Other",Land size:,500.0 perches,"Rs 505,000,000 total price"
Address:,"Piliyandala, Gonapola",Land type:,Residential,Land size:,3.8 perches,"Rs 1,100,000 total price"
Address:,"Piliyandala, Madapatha Rd, Kotagedara",Land type:,Residential,Land size:,6.5 perches,"Rs 3,400,000 total price"
Address:,"Piliyandala Town, Kolamunna",Land type:,Residential,Land size:,6.0 perches,"Rs 825,000 per perch"
Address:,"Piliyandala, Colombo Road",Land type:,"Commercial, Residential",Land size:,38.33 perches,"Rs 775,000 per perch"
Address:,Piliyandala Town,Land type:,Residential,Land size:,6.0 perches,"Rs 825,000 per perch"
Address:,"Piliyandala, Kotagedara ( Madapatha Road )",Land type:,Residential,Land size:,6.5 perches,"Rs 525,000 per perch"
Address:,Piliyandala,Land type:,Residential,Land size:,18.0 perches,"Rs 600,000 per perch"
Address:,Piliyandala,Land type:,Residential,Land size:,15.0 perches,"Rs 1,100,000 per perch"
Address:,piliyandala,Land type:,"Commercial, Residential, Other",Land size:,10.0 perches,"Rs 190,000 per perch"
Address:,Piliyandala Dampe near bolgoda lake,Land type:,Residential,Land size:,12.0 perches,"Rs 650,000 per perch"
Address:,gonamadiththa road,Land type:,Residential,Land size:,10.0 perches,"Rs 700,000 per perch"
Address:,madapatha road,Land type:,Residential,Land size:,13.8 perches,"Rs 700,000 per perch"
Address:,"Piliyandala, Bypass Road (800M away to Piliyandala town).",Land type:,"Commercial, Residential",Land size:,11.0 perches,"Rs 1,300,000 per perch"
Address:,"Piliyandala, Dampe",Land type:,Residential,Land size:,10.0 perches,"Rs 400,000 per perch"
Address:,"Piliyandala, Dampe",Land type:,Residential,Land size:,20.0 perches,"Rs 1,000,000 per perch"
Address:,"Suwarapola, Dampe.",Land type:,Residential,Land size:,47.31 perches,"Rs 1,060,000 per perch"
Address:,Gonapola Junction,Land type:,Residential,Land size:,8.32 perches,"Rs 2,300,000 total price"
Address:,"Piliyandala Town, Miriswatta Junction",Land type:,"Commercial, Residential",Land size:,38.0 perches,"Rs 775,000 per perch"
Address:,kahathuduwa,Land type:,Residential,Land size:,6.0 perches,"Rs 395,000 per perch"
Address:,Piliyandala Town,Land type:,Residential,Land size:,6.0 perches,"Rs 825,000 per perch"
Address:,"Batakettara, Piliyandala",Land type:,"Commercial, Residential",Land size:,42.0 perches,"Rs 695,000 per perch"
Land type:,Residential,Land size:,20.0 perches,"Rs 1,100,000 per perch",,
Land type:,Residential,Land size:,10.0 perches,"Rs 1,100,000 per perch",,
Address:,Piliyandala,Land type:,Residential,Land size:,15.0 perches,"Rs 1,100,000 per perch"
Address:,Piliyandala,Land type:,Residential,Land size:,18.0 perches,"Rs 600,000 per perch"
Address:,piliyandala 255 rd facing,Land type:,"Commercial, Residential",Land size:,25.5 perches,"Rs 1,250,000 per perch"
Address:,piliyandala town,Land type:,Residential,Land size:,21.35 perches,"Rs 1,300,000 per perch"
Address:,"Piliyandala, Near Town",Land type:,"Commercial, Residential",Land size:,38.0 perches,"Rs 775,000 per perch"
Address:,"Gonapola, Near Junction",Land type:,Residential,Land size:,8.3 perches,"Rs 2,300,000 total price"
Address:,"Gonapola, Near Junction",Land type:,Residential,Land size:,4.5 perches,"Rs 1,600,000 total price"
Address:,"Gonapola, Near Junction",Land type:,Residential,Land size:,3.8 perches,"Rs 1,100,000 total price"
Address:,Piliyandala Madapatha Road,Land type:,Residential,Land size:,17.0 perches,"Rs 1,200,000 per perch"
Address:,piliyandala,Land type:,"Commercial, Residential, Other",Land size:,7.0 perches,"Rs 410,000 per perch"
Address:,"Weda Mw, Bokunara, Piliyandala",Land type:,Residential,Land size:,12.0 perches,"Rs 1,200,000 per perch"
